[
  {
    "id": "1",
    "plate": "AAA 999",
    "category": "sedan Accord",
    "status": "busy",
    "driver": "Nasser ALHajri"
  },
  {
    "id": "2",
    "plate": "XYZ 789",
    "category": "SUV",
    "status": "busy",
    "driver": "Ali AlFarsi"
  },
  {
    "id": "3",
    "plate": "MMM 444",
    "category": "BMW X5",
    "status": "ready",
    "driver": "Sara AlAmri"
  },
  {
    "id": "4",
    "plate": "PQR 123",
    "category": "sedan Camry",
    "status": "ready",
    "driver": "Mohammed AlOmani"
  },
  {
    "id": "5",
    "plate": "LMN 6118",
    "category": "sedan Accent",
    "status": "ready",
    "driver": "Fatima AlHarthy"
  }
]