[
  {
    "id": "complaint_20250629202259",
    "from_user": "Moh",
    "about_driver": "ali",
    "message": "is not good",
    "timestamp": "2025-06-29T20:22:59.123755",
    "status": "open"
  },
  {
    "id": "complaint_20250630125711",
    "from_user": "mohammed",
    "about_driver": "mohammed",
    "message": "noisy",
    "timestamp": "2025-06-30T12:57:11.661291",
    "status": "open"
  },
  {
    "id": "complaint_20250630143131",
    "from_user": "hassan",
    "about_driver": "6",
    "message": "",
    "timestamp": "2025-06-30T14:31:31.071212",
    "status": "open"
  },
  {
    "id": "complaint_20250630163856",
    "from_user": "moh123",
    "about_driver": "mo",
    "message": "good",
    "timestamp": "2025-06-30T16:38:56.402555",
    "status": "open"
  },
  {
    "id": "complaint_20250630172617",
    "from_user": "m8",
    "about_driver": "",
    "message": "",
    "timestamp": "2025-06-30T17:26:17.695464",
    "status": "open"
  }
]